average_age,n_claims,claims_per_patient,growth_rate,claims_variability,actual_target,risk_score
73.25410218,13950.0,13.09859155,0.14491018,12191.35952,0,0.071342126
71.49977761,2066.0,11.73863636,0.662768031,5803.019932,0,0.071342126
74.34205243,8062.0,30.08208955,0.754877439,21406.03868,1,0.071342126
76.2762267,147925.0,35.50768123,0.185114548,195868.7259,1,0.064480506
74.80706362,49983.0,24.41768442,0.364857994,97548.53925,0,0.071342126
76.11653633,52833.0,15.03928266,0.232849688,74755.43065,0,0.064480506
